time,left,right
0.000,0.218,-0.169
0.020,0.218,-0.169
0.040,0.218,-0.169
0.060,0.218,-0.169
0.080,0.218,-0.169
0.100,0.218,-0.169
0.120,0.218,-0.169
0.140,0.219,-0.169
0.160,0.219,-0.169
0.180,0.220,-0.169
0.200,0.221,-0.168
0.220,0.222,-0.167
0.240,0.223,-0.167
0.260,0.224,-0.166
0.280,0.225,-0.165
0.300,0.226,-0.165
0.320,0.228,-0.164
0.340,0.229,-0.163
0.360,0.230,-0.162
0.380,0.232,-0.161
0.400,0.234,-0.160
0.421,0.235,-0.160
0.440,0.237,-0.159
0.460,0.239,-0.158
0.480,0.241,-0.156
0.500,0.243,-0.155
0.520,0.244,-0.153
0.540,0.246,-0.152
0.560,0.248,-0.150
0.580,0.250,-0.148
0.600,0.252,-0.146
0.620,0.254,-0.144
0.640,0.256,-0.142
0.660,0.258,-0.140
0.680,0.260,-0.138
0.700,0.262,-0.135
0.720,0.264,-0.133
0.740,0.266,-0.130
0.760,0.268,-0.128
0.780,0.270,-0.125
0.801,0.271,-0.122
0.820,0.273,-0.120
0.840,0.276,-0.117
0.860,0.278,-0.115
0.881,0.280,-0.112
0.900,0.282,-0.109
0.921,0.284,-0.106
0.943,0.285,-0.104
0.962,0.287,-0.101
0.981,0.290,-0.098
1.000,0.291,-0.096
1.020,0.293,-0.093
1.040,0.295,-0.090
1.060,0.296,-0.088
1.080,0.299,-0.086
1.100,0.301,-0.083
1.120,0.303,-0.081
1.140,0.305,-0.079
1.160,0.307,-0.077
1.180,0.309,-0.075
1.200,0.311,-0.073
1.220,0.313,-0.071
1.246,0.316,-0.069
1.260,0.318,-0.068
1.280,0.320,-0.066
1.300,0.321,-0.065
1.320,0.323,-0.064
1.340,0.325,-0.062
1.360,0.326,-0.061
1.382,0.328,-0.060
1.400,0.329,-0.059
1.420,0.331,-0.058
1.440,0.332,-0.057
1.460,0.333,-0.056
1.480,0.334,-0.055
1.500,0.335,-0.054
1.521,0.336,-0.054
1.540,0.336,-0.053
1.560,0.337,-0.052
1.581,0.337,-0.052
1.600,0.338,-0.051
1.620,0.338,-0.051
1.642,0.338,-0.051
1.660,0.338,-0.050
1.680,0.338,-0.050
1.700,0.338,-0.050
1.720,0.338,-0.050
1.740,0.338,-0.050
1.760,0.338,-0.050
1.780,0.338,-0.050
1.800,0.338,-0.050
1.820,0.337,-0.051
1.840,0.337,-0.051
1.860,0.336,-0.052
1.880,0.336,-0.052
1.900,0.335,-0.053
1.920,0.335,-0.054
1.940,0.334,-0.054
1.960,0.334,-0.055
1.980,0.333,-0.056
2.000,0.332,-0.056
2.020,0.331,-0.057
2.040,0.330,-0.058
2.060,0.329,-0.059
2.080,0.328,-0.060
2.100,0.327,-0.062
2.120,0.326,-0.063
2.140,0.325,-0.064
2.160,0.323,-0.065
2.180,0.322,-0.066
2.200,0.321,-0.068
2.220,0.320,-0.069
2.240,0.319,-0.070
2.260,0.317,-0.072
2.280,0.315,-0.074
2.300,0.313,-0.075
2.320,0.312,-0.077
2.340,0.310,-0.079
2.360,0.308,-0.081
2.380,0.306,-0.082
2.400,0.305,-0.084
2.420,0.302,-0.086
2.440,0.300,-0.088
2.460,0.298,-0.090
2.480,0.296,-0.092
2.500,0.293,-0.095
2.520,0.291,-0.097
2.540,0.289,-0.099
2.560,0.287,-0.101
2.580,0.284,-0.103
2.600,0.282,-0.106
2.620,0.280,-0.108
2.640,0.278,-0.110
2.660,0.274,-0.112
2.680,0.272,-0.115
2.700,0.269,-0.117
2.720,0.266,-0.120
2.740,0.263,-0.122
2.760,0.261,-0.125
2.780,0.258,-0.127
2.800,0.256,-0.130
2.820,0.253,-0.133
2.840,0.251,-0.135
2.860,0.248,-0.138
2.880,0.245,-0.141
2.900,0.242,-0.143
2.920,0.240,-0.146
2.940,0.237,-0.149
2.960,0.235,-0.152
2.980,0.232,-0.155
3.000,0.230,-0.157
3.020,0.227,-0.160
3.040,0.225,-0.162
3.060,0.222,-0.165
3.080,0.220,-0.168
3.100,0.217,-0.170
3.120,0.215,-0.172
3.140,0.212,-0.175
3.160,0.210,-0.177
3.180,0.207,-0.179
3.200,0.205,-0.182
3.220,0.203,-0.184
3.240,0.200,-0.186
3.260,0.198,-0.188
3.280,0.196,-0.191
3.300,0.194,-0.193
3.320,0.192,-0.196
3.341,0.189,-0.198
3.360,0.186,-0.201
3.380,0.184,-0.203
3.400,0.182,-0.205
3.421,0.180,-0.208
3.440,0.177,-0.210
3.460,0.175,-0.212
3.480,0.173,-0.214
3.501,0.171,-0.217
3.520,0.169,-0.219
3.541,0.167,-0.221
3.560,0.165,-0.223
3.580,0.163,-0.225
3.600,0.161,-0.227
3.620,0.159,-0.229
3.640,0.158,-0.231
3.660,0.156,-0.233
3.680,0.154,-0.235
3.700,0.152,-0.236
3.720,0.150,-0.238
3.741,0.149,-0.240
3.760,0.147,-0.242
3.780,0.145,-0.244
3.800,0.144,-0.245
3.820,0.142,-0.247
3.840,0.140,-0.249
3.860,0.139,-0.250
3.881,0.137,-0.252
3.900,0.136,-0.254
3.920,0.134,-0.255
3.940,0.133,-0.257
3.960,0.131,-0.258
3.981,0.130,-0.260
4.000,0.129,-0.261
4.020,0.128,-0.263
4.040,0.126,-0.265
4.061,0.125,-0.266
4.080,0.123,-0.267
4.100,0.122,-0.269
4.120,0.121,-0.270
4.141,0.120,-0.271
4.160,0.119,-0.273
4.180,0.118,-0.274
4.201,0.117,-0.275
4.221,0.115,-0.276
4.240,0.114,-0.277
4.260,0.113,-0.278
4.281,0.112,-0.279
4.300,0.112,-0.280
4.320,0.111,-0.281
4.340,0.110,-0.282
4.360,0.109,-0.283
4.380,0.108,-0.283
4.400,0.108,-0.284
4.420,0.107,-0.285
4.440,0.106,-0.285
4.460,0.106,-0.286
4.480,0.106,-0.286
4.500,0.105,-0.287
4.520,0.105,-0.287
4.540,0.105,-0.288
4.560,0.105,-0.288
4.580,0.105,-0.288
4.600,0.105,-0.289
4.620,0.105,-0.289
4.642,0.105,-0.289
4.661,0.104,-0.289
4.680,0.104,-0.289
4.700,0.104,-0.289
4.720,0.104,-0.289
4.740,0.105,-0.289
4.760,0.105,-0.289
4.780,0.105,-0.288
4.800,0.105,-0.288
4.820,0.104,-0.288
4.840,0.104,-0.288
4.860,0.104,-0.287
4.880,0.105,-0.287
4.900,0.105,-0.286
4.920,0.105,-0.286
4.940,0.106,-0.285
4.960,0.106,-0.285
4.980,0.106,-0.284
5.000,0.107,-0.283
5.020,0.108,-0.283
5.040,0.108,-0.282
5.060,0.109,-0.281
5.080,0.109,-0.280
5.100,0.110,-0.279
5.120,0.111,-0.278
5.140,0.111,-0.277
5.160,0.112,-0.276
5.180,0.114,-0.275
5.200,0.115,-0.274
5.220,0.116,-0.273
5.241,0.117,-0.272
5.260,0.118,-0.271
5.280,0.120,-0.269
5.300,0.122,-0.268
5.320,0.123,-0.267
5.340,0.125,-0.265
5.360,0.128,-0.264
5.381,0.130,-0.262
5.400,0.132,-0.261
5.420,0.134,-0.259
5.440,0.136,-0.257
5.460,0.138,-0.255
5.480,0.140,-0.253
5.500,0.142,-0.251
5.522,0.145,-0.249
5.541,0.147,-0.247
5.561,0.150,-0.245
5.580,0.152,-0.243
5.600,0.154,-0.241
5.621,0.156,-0.238
5.640,0.159,-0.236
5.660,0.161,-0.234
5.680,0.163,-0.232
5.701,0.166,-0.229
5.720,0.168,-0.227
5.741,0.171,-0.224
5.760,0.173,-0.221
5.780,0.175,-0.219
5.800,0.177,-0.216
5.820,0.179,-0.214
5.840,0.182,-0.211
5.861,0.184,-0.208
5.880,0.186,-0.205
5.900,0.189,-0.202
5.922,0.191,-0.199
5.940,0.193,-0.196
5.966,0.196,-0.193
5.980,0.198,-0.190
6.001,0.201,-0.187
6.020,0.203,-0.185
6.049,0.206,-0.182
6.060,0.208,-0.179
6.080,0.210,-0.176
6.103,0.212,-0.173
6.126,0.214,-0.170
6.140,0.216,-0.168
6.162,0.218,-0.165
6.183,0.221,-0.162
6.200,0.223,-0.160
6.220,0.226,-0.157
6.240,0.228,-0.154
6.260,0.232,-0.152
6.280,0.234,-0.149
6.301,0.237,-0.147
6.320,0.239,-0.145
6.340,0.241,-0.143
6.360,0.244,-0.141
6.381,0.247,-0.138
6.401,0.250,-0.136
6.420,0.252,-0.133
6.440,0.254,-0.131
6.460,0.257,-0.129
6.480,0.259,-0.127
6.500,0.260,-0.125
6.520,0.263,-0.123
6.540,0.265,-0.120
6.560,0.267,-0.118
6.580,0.269,-0.116
6.600,0.270,-0.114
6.620,0.272,-0.112
6.640,0.274,-0.109
6.660,0.277,-0.107
6.680,0.279,-0.105
6.700,0.281,-0.103
6.720,0.283,-0.100
6.741,0.285,-0.098
6.760,0.287,-0.096
6.781,0.289,-0.094
6.800,0.292,-0.093
6.821,0.294,-0.091
6.842,0.296,-0.089
6.860,0.298,-0.087
6.880,0.300,-0.085
6.900,0.301,-0.083
6.921,0.303,-0.081
6.940,0.305,-0.080
6.960,0.307,-0.078
6.980,0.308,-0.077
7.001,0.310,-0.075
7.020,0.311,-0.074
7.040,0.313,-0.072
7.060,0.314,-0.071
7.080,0.316,-0.069
7.100,0.317,-0.068
7.120,0.318,-0.067
7.140,0.319,-0.066
7.160,0.320,-0.065
7.180,0.322,-0.064
7.200,0.323,-0.063
7.220,0.324,-0.062
7.240,0.325,-0.061
7.260,0.326,-0.060
7.280,0.327,-0.059
7.300,0.328,-0.058
7.320,0.329,-0.058
7.342,0.330,-0.057
7.360,0.331,-0.057
7.382,0.332,-0.056
7.400,0.332,-0.056
7.420,0.333,-0.055
7.440,0.333,-0.055
7.460,0.334,-0.054
7.482,0.334,-0.054
7.502,0.335,-0.053
7.521,0.335,-0.053
7.541,0.335,-0.053
7.563,0.336,-0.053
7.582,0.336,-0.053
7.600,0.336,-0.053
7.620,0.336,-0.053
7.640,0.336,-0.052
7.660,0.336,-0.052
7.680,0.336,-0.052
7.700,0.336,-0.053
7.720,0.336,-0.053
7.740,0.336,-0.053
7.760,0.335,-0.053
7.780,0.335,-0.053
7.800,0.335,-0.053
7.820,0.335,-0.053
7.840,0.334,-0.053
7.860,0.334,-0.053
7.880,0.334,-0.054
7.900,0.334,-0.054
7.920,0.333,-0.054
7.940,0.332,-0.054
7.961,0.332,-0.055
7.980,0.331,-0.055
8.005,0.331,-0.056
8.020,0.330,-0.056
8.040,0.329,-0.057
8.062,0.328,-0.057
8.080,0.327,-0.058
8.100,0.327,-0.059
8.120,0.325,-0.060
8.140,0.324,-0.061
8.160,0.323,-0.063
8.180,0.322,-0.064
8.200,0.321,-0.065
8.220,0.320,-0.067
8.240,0.318,-0.068
8.260,0.318,-0.070
8.280,0.316,-0.071
8.300,0.315,-0.073
8.320,0.313,-0.074
8.340,0.311,-0.076
8.360,0.310,-0.078
8.380,0.308,-0.080
8.400,0.306,-0.082
8.420,0.304,-0.084
8.440,0.302,-0.086
8.460,0.300,-0.087
8.480,0.298,-0.089
8.500,0.296,-0.092
8.520,0.294,-0.094
8.540,0.292,-0.096
8.560,0.290,-0.098
8.580,0.288,-0.100
8.600,0.286,-0.102
8.620,0.283,-0.105
8.640,0.281,-0.107
8.660,0.279,-0.109
8.680,0.276,-0.111
8.700,0.274,-0.113
8.720,0.271,-0.116
8.740,0.268,-0.118
8.760,0.266,-0.121
8.780,0.263,-0.123
8.800,0.261,-0.126
8.822,0.258,-0.128
8.840,0.256,-0.131
8.861,0.252,-0.134
8.880,0.250,-0.136
8.900,0.246,-0.139
8.920,0.244,-0.142
8.941,0.241,-0.144
8.960,0.238,-0.147
8.981,0.235,-0.149
9.000,0.233,-0.152
9.020,0.230,-0.155
9.040,0.227,-0.158
9.060,0.224,-0.160
9.080,0.221,-0.163
9.100,0.219,-0.166
9.120,0.216,-0.168
9.140,0.213,-0.171
9.160,0.211,-0.174
9.180,0.208,-0.177
9.200,0.205,-0.180
9.220,0.203,-0.182
9.240,0.200,-0.185
9.260,0.198,-0.188
9.280,0.196,-0.190
9.300,0.193,-0.193
9.320,0.191,-0.195
9.340,0.188,-0.198
9.360,0.186,-0.200
9.380,0.184,-0.202
9.401,0.182,-0.204
9.420,0.179,-0.207
9.440,0.177,-0.209
9.460,0.175,-0.211
9.480,0.173,-0.213
9.501,0.171,-0.216
9.520,0.169,-0.218
9.540,0.167,-0.220
9.561,0.165,-0.223
9.580,0.163,-0.225
9.601,0.161,-0.227
9.620,0.159,-0.229
9.640,0.157,-0.232
9.660,0.155,-0.234
9.680,0.153,-0.236
9.700,0.152,-0.238
9.720,0.150,-0.240
9.740,0.149,-0.241
9.760,0.147,-0.243
9.780,0.145,-0.245
9.800,0.144,-0.247
9.820,0.142,-0.248
9.840,0.141,-0.250
9.860,0.139,-0.251
9.880,0.137,-0.253
9.900,0.136,-0.254
9.921,0.134,-0.256
9.940,0.133,-0.257
9.960,0.132,-0.259
9.980,0.130,-0.260
10.001,0.129,-0.262
10.020,0.127,-0.263
10.041,0.126,-0.264
10.060,0.125,-0.266
10.080,0.124,-0.267
10.101,0.122,-0.268
10.121,0.121,-0.269
10.140,0.120,-0.271
10.160,0.119,-0.272
10.181,0.118,-0.273
10.200,0.117,-0.273
10.220,0.115,-0.275
10.240,0.115,-0.276
10.261,0.114,-0.277
10.280,0.113,-0.278
10.300,0.112,-0.278
10.320,0.111,-0.279
10.340,0.110,-0.280
10.360,0.110,-0.281
10.380,0.109,-0.281
10.401,0.109,-0.282
10.420,0.108,-0.282
10.440,0.107,-0.283
10.460,0.107,-0.283
10.480,0.107,-0.284
10.500,0.106,-0.285
10.520,0.106,-0.285
10.540,0.106,-0.285
10.560,0.106,-0.285
10.580,0.106,-0.286
10.600,0.106,-0.286
10.620,0.106,-0.286
10.640,0.106,-0.286
10.660,0.105,-0.286
10.680,0.105,-0.286
10.700,0.105,-0.286
10.720,0.105,-0.286
10.740,0.105,-0.286
10.760,0.105,-0.286
10.780,0.105,-0.286
10.800,0.105,-0.286
10.821,0.106,-0.286
10.840,0.106,-0.285
10.860,0.106,-0.285
10.880,0.106,-0.285
10.900,0.106,-0.285
10.921,0.107,-0.284
10.940,0.107,-0.284
10.960,0.107,-0.283
10.981,0.108,-0.283
11.002,0.108,-0.282
11.020,0.109,-0.282
11.042,0.109,-0.281
11.060,0.109,-0.281
11.081,0.110,-0.280
11.102,0.111,-0.279
11.120,0.112,-0.278
11.140,0.112,-0.277
11.160,0.113,-0.277
11.180,0.113,-0.276
11.200,0.114,-0.276
11.220,0.116,-0.275
11.240,0.117,-0.274
11.260,0.118,-0.273
11.280,0.119,-0.272
11.300,0.121,-0.271
11.320,0.123,-0.269
11.340,0.125,-0.268
11.360,0.126,-0.267
11.380,0.128,-0.265
11.400,0.129,-0.264
11.420,0.131,-0.263
11.441,0.134,-0.261
11.460,0.136,-0.260
11.482,0.139,-0.258
11.500,0.141,-0.256
11.520,0.144,-0.255
11.540,0.146,-0.253
11.560,0.148,-0.252
11.582,0.151,-0.250
11.602,0.153,-0.248
11.620,0.155,-0.245
11.640,0.157,-0.243
11.660,0.160,-0.241
11.680,0.162,-0.239
11.700,0.165,-0.236
11.721,0.167,-0.234
11.740,0.169,-0.231
11.760,0.172,-0.229
11.780,0.175,-0.226
11.800,0.177,-0.223
11.820,0.179,-0.221
11.840,0.182,-0.218
11.860,0.184,-0.215
11.880,0.186,-0.212
11.900,0.188,-0.209
11.920,0.191,-0.206
11.940,0.193,-0.204
11.960,0.195,-0.200
11.980,0.198,-0.197
12.000,0.200,-0.194
12.020,0.202,-0.191
12.040,0.204,-0.187
12.060,0.207,-0.184
12.080,0.209,-0.181
12.100,0.211,-0.178
12.120,0.214,-0.175
12.141,0.216,-0.171
12.160,0.218,-0.168
12.180,0.221,-0.165
12.200,0.223,-0.162
12.220,0.225,-0.158
12.240,0.228,-0.155
12.260,0.231,-0.152
12.280,0.233,-0.149
12.300,0.236,-0.146
12.321,0.238,-0.143
12.340,0.241,-0.140
12.360,0.244,-0.137
12.380,0.247,-0.134
12.400,0.250,-0.131
12.420,0.253,-0.128
12.440,0.256,-0.125
12.461,0.259,-0.122
12.480,0.262,-0.120
12.500,0.265,-0.117
12.520,0.268,-0.115
12.540,0.271,-0.112
12.563,0.273,-0.110
12.580,0.276,-0.108
12.600,0.278,-0.105
12.620,0.280,-0.103
12.642,0.282,-0.101
12.663,0.284,-0.099
12.682,0.286,-0.097
12.702,0.288,-0.095
12.720,0.290,-0.093
12.740,0.292,-0.092
12.760,0.295,-0.090
12.782,0.296,-0.088
12.802,0.298,-0.087
12.821,0.300,-0.085
12.840,0.302,-0.084
12.860,0.303,-0.082
12.880,0.305,-0.080
12.900,0.307,-0.079
12.920,0.308,-0.078
12.940,0.310,-0.076
12.960,0.312,-0.075
12.980,0.313,-0.074
13.000,0.315,-0.073
13.020,0.316,-0.072
13.040,0.318,-0.070
13.060,0.319,-0.069
13.080,0.321,-0.067
13.100,0.322,-0.067
13.120,0.323,-0.066
13.140,0.324,-0.064
13.160,0.325,-0.063
13.180,0.327,-0.062
13.200,0.328,-0.062
13.220,0.329,-0.061
13.240,0.330,-0.060
13.260,0.331,-0.059
13.280,0.332,-0.059
13.300,0.333,-0.058
13.320,0.334,-0.057
13.340,0.335,-0.057
13.360,0.335,-0.056
13.382,0.336,-0.056
13.400,0.337,-0.055
13.420,0.337,-0.055
13.440,0.337,-0.054
13.460,0.338,-0.054
13.480,0.338,-0.053
13.500,0.339,-0.053
13.520,0.339,-0.053
13.540,0.339,-0.053
13.560,0.340,-0.052
13.580,0.340,-0.052
13.600,0.340,-0.052
13.620,0.340,-0.052
13.640,0.340,-0.052
13.660,0.340,-0.052
13.680,0.340,-0.052
13.700,0.340,-0.052
13.720,0.340,-0.052
13.740,0.340,-0.052
13.760,0.340,-0.052
13.780,0.339,-0.052
13.801,0.339,-0.052
13.822,0.339,-0.052
13.840,0.338,-0.052
13.860,0.338,-0.052
13.881,0.337,-0.052
13.900,0.337,-0.053
13.921,0.336,-0.053
13.940,0.335,-0.053
13.962,0.335,-0.054
13.981,0.334,-0.054
14.002,0.333,-0.055
14.020,0.332,-0.055
14.040,0.331,-0.056
14.060,0.331,-0.057
14.080,0.330,-0.058
14.100,0.329,-0.059
14.120,0.328,-0.060
14.140,0.327,-0.061
14.160,0.325,-0.062
14.180,0.324,-0.064
14.200,0.323,-0.065
14.220,0.322,-0.067
14.241,0.320,-0.068
14.260,0.319,-0.070
14.281,0.317,-0.072
14.302,0.316,-0.073
14.326,0.314,-0.075
14.341,0.313,-0.077
14.361,0.311,-0.079
14.380,0.309,-0.081
14.400,0.307,-0.082
14.420,0.306,-0.084
14.440,0.304,-0.087
14.460,0.301,-0.088
14.480,0.299,-0.090
14.500,0.297,-0.092
14.520,0.295,-0.095
14.540,0.293,-0.097
14.560,0.291,-0.099
14.580,0.288,-0.101
14.600,0.286,-0.103
14.620,0.284,-0.105
14.640,0.282,-0.108
14.660,0.279,-0.110
14.680,0.277,-0.112
14.700,0.273,-0.115
14.720,0.271,-0.117
14.740,0.268,-0.119
14.761,0.266,-0.122
14.780,0.263,-0.124
14.802,0.260,-0.126
14.822,0.257,-0.128
14.843,0.254,-0.131
14.861,0.251,-0.133
14.882,0.248,-0.136
14.902,0.245,-0.138
14.920,0.243,-0.141
14.940,0.240,-0.144
14.960,0.238,-0.147
14.980,0.235,-0.149
15.000,0.232,-0.152
15.020,0.229,-0.155
15.040,0.226,-0.157
15.060,0.223,-0.160
15.080,0.220,-0.163
15.100,0.217,-0.165
15.120,0.214,-0.168
15.140,0.212,-0.171
15.160,0.209,-0.174
15.180,0.207,-0.177
15.200,0.204,-0.180
15.220,0.201,-0.183
15.240,0.198,-0.186
15.260,0.195,-0.189
15.280,0.193,-0.191
15.300,0.190,-0.194
15.320,0.187,-0.197
15.340,0.184,-0.199
15.360,0.182,-0.202
15.380,0.180,-0.205
15.400,0.178,-0.207
15.420,0.175,-0.210
15.440,0.172,-0.212
15.460,0.170,-0.214
15.480,0.168,-0.217
15.500,0.166,-0.219
15.520,0.164,-0.222
15.540,0.162,-0.224
15.561,0.159,-0.227
15.580,0.157,-0.229
15.600,0.155,-0.232
15.620,0.153,-0.234
15.640,0.151,-0.236
15.660,0.149,-0.239
15.680,0.147,-0.241
15.700,0.146,-0.243
15.720,0.144,-0.245
15.740,0.143,-0.247
15.760,0.141,-0.249
15.780,0.140,-0.251
15.800,0.138,-0.253
15.820,0.137,-0.255
15.840,0.135,-0.257
15.860,0.134,-0.258
15.880,0.132,-0.260
15.900,0.131,-0.261
15.920,0.130,-0.263
15.940,0.129,-0.264
15.960,0.128,-0.266
15.981,0.126,-0.267
16.000,0.125,-0.269
16.020,0.124,-0.270
16.040,0.123,-0.271
16.060,0.122,-0.273
16.080,0.121,-0.274
16.100,0.119,-0.276
16.120,0.118,-0.277
16.140,0.117,-0.278
16.160,0.116,-0.279
16.180,0.115,-0.280
16.200,0.114,-0.281
16.220,0.113,-0.282
16.240,0.112,-0.282
16.260,0.111,-0.283
16.280,0.110,-0.284
16.300,0.109,-0.285
16.320,0.109,-0.285
16.340,0.108,-0.286
16.360,0.108,-0.287
16.380,0.107,-0.287
16.400,0.106,-0.288
16.420,0.106,-0.289
16.440,0.106,-0.289
16.460,0.105,-0.289
16.481,0.105,-0.290
16.500,0.104,-0.290
16.520,0.104,-0.290
16.540,0.104,-0.291
16.560,0.103,-0.291
16.580,0.103,-0.291
16.600,0.103,-0.291
16.620,0.103,-0.291
16.640,0.103,-0.291
16.660,0.103,-0.291
16.680,0.103,-0.291
16.700,0.103,-0.291
16.720,0.103,-0.291
16.740,0.103,-0.291
16.760,0.103,-0.290
16.780,0.103,-0.290
16.800,0.103,-0.290
16.820,0.103,-0.290
16.840,0.104,-0.289
16.860,0.104,-0.289
16.880,0.104,-0.289
16.900,0.104,-0.289
16.920,0.105,-0.288
16.940,0.105,-0.287
16.960,0.106,-0.287
16.980,0.107,-0.286
17.000,0.108,-0.286
17.020,0.108,-0.285
17.040,0.108,-0.284
17.060,0.109,-0.283
17.080,0.110,-0.282
17.100,0.111,-0.282
17.120,0.111,-0.281
17.140,0.112,-0.280
17.160,0.113,-0.279
17.180,0.114,-0.279
17.200,0.116,-0.278
17.220,0.117,-0.276
17.241,0.118,-0.275
17.260,0.119,-0.274
17.280,0.120,-0.273
17.300,0.122,-0.272
17.322,0.123,-0.270
17.340,0.125,-0.269
17.360,0.127,-0.268
17.382,0.129,-0.266
17.400,0.130,-0.265
17.420,0.132,-0.263
17.440,0.134,-0.262
17.460,0.137,-0.260
17.480,0.139,-0.258
17.500,0.142,-0.256
17.521,0.144,-0.254
17.540,0.146,-0.253
17.560,0.148,-0.251
17.581,0.150,-0.249
17.601,0.152,-0.247
17.620,0.155,-0.245
17.640,0.157,-0.243
17.660,0.159,-0.241
17.681,0.162,-0.239
17.700,0.164,-0.236
17.720,0.167,-0.233
17.740,0.169,-0.232
17.760,0.171,-0.229
17.782,0.173,-0.226
17.800,0.176,-0.224
17.820,0.178,-0.221
17.840,0.180,-0.218
17.860,0.183,-0.215
17.880,0.185,-0.213
17.900,0.187,-0.210
17.920,0.189,-0.207
17.941,0.192,-0.203
17.960,0.194,-0.200
17.980,0.196,-0.197
18.000,0.198,-0.194
18.020,0.201,-0.191
18.040,0.203,-0.188
18.061,0.205,-0.185
18.081,0.208,-0.182
18.101,0.210,-0.178
18.120,0.212,-0.175
18.140,0.214,-0.173
18.160,0.216,-0.170
18.180,0.218,-0.167
18.200,0.221,-0.164
18.220,0.223,-0.161
18.240,0.225,-0.158
18.260,0.226,-0.156
18.280,0.228,-0.153
18.300,0.231,-0.151
18.320,0.233,-0.149
18.340,0.235,-0.146
18.360,0.237,-0.144
18.380,0.239,-0.142
18.400,0.241,-0.141
18.420,0.242,-0.139
18.440,0.243,-0.138
18.460,0.245,-0.137
18.480,0.246,-0.136
18.500,0.247,-0.135
18.523,0.248,-0.134
18.540,0.249,-0.134
18.560,0.249,-0.134
18.580,0.250,-0.134
18.600,0.250,-0.134
18.620,0.250,-0.134
18.640,0.250,-0.134
18.660,0.250,-0.135
18.680,0.250,-0.135
18.700,0.249,-0.136
18.720,0.249,-0.136
18.740,0.249,-0.136
18.760,0.248,-0.137
18.780,0.248,-0.137
18.800,0.247,-0.138
18.820,0.246,-0.139
18.840,0.245,-0.140
18.861,0.244,-0.141
18.882,0.243,-0.142
18.900,0.241,-0.143
18.921,0.240,-0.144
18.940,0.239,-0.146
18.960,0.237,-0.147
18.980,0.236,-0.148
19.000,0.234,-0.150
19.020,0.233,-0.151
19.040,0.231,-0.153
19.061,0.229,-0.155
19.080,0.227,-0.156
19.101,0.226,-0.157
19.120,0.225,-0.159
19.140,0.223,-0.160
19.161,0.222,-0.161
19.180,0.221,-0.163
19.200,0.219,-0.164
19.220,0.218,-0.166
19.240,0.218,-0.167
19.261,0.217,-0.167
19.282,0.216,-0.168
19.300,0.215,-0.169
19.321,0.215,-0.170
19.340,0.214,-0.171
19.360,0.214,-0.171
19.380,0.214,-0.172
19.400,0.213,-0.173
19.420,0.213,-0.173
19.440,0.213,-0.173
19.460,0.213,-0.173
19.480,0.213,-0.173
19.501,0.213,-0.173
19.520,0.213,-0.173
19.540,0.213,-0.173
19.560,0.213,-0.173
19.581,0.213,-0.173
19.600,0.213,-0.173
19.620,0.214,-0.173
19.640,0.214,-0.173
19.660,0.214,-0.172
19.680,0.214,-0.172
19.700,0.214,-0.171
19.721,0.214,-0.171
19.740,0.214,-0.171
19.760,0.214,-0.170
19.780,0.214,-0.170
19.801,0.214,-0.170
19.820,0.215,-0.169
19.840,0.215,-0.169
19.860,0.215,-0.168
19.880,0.215,-0.168
19.900,0.216,-0.168
19.920,0.216,-0.167
19.940,0.217,-0.167
19.961,0.217,-0.166
19.980,0.217,-0.166
20.000,0.218,-0.166
20.020,0.218,-0.165
20.040,0.219,-0.165
20.060,0.219,-0.165
20.080,0.219,-0.165
20.100,0.219,-0.165
20.120,0.219,-0.165
20.140,0.220,-0.165
20.160,0.220,-0.165
20.180,0.220,-0.165
20.200,0.220,-0.165
20.220,0.219,-0.165
20.240,0.219,-0.165
20.260,0.219,-0.165
20.280,0.219,-0.165
20.300,0.219,-0.165
20.320,0.219,-0.165
20.340,0.219,-0.165
20.360,0.219,-0.165
20.380,0.219,-0.165
20.400,0.220,-0.165
20.420,0.220,-0.165
20.440,0.220,-0.165
20.460,0.219,-0.165
20.480,0.220,-0.165
20.500,0.220,-0.165
20.520,0.219,-0.165
20.540,0.219,-0.165
20.560,0.219,-0.165
20.581,0.219,-0.165
20.600,0.219,-0.165
20.620,0.219,-0.165
20.640,0.219,-0.165
20.660,0.219,-0.165
20.680,0.219,-0.165
20.700,0.219,-0.165
20.720,0.219,-0.165
20.740,0.219,-0.165
20.761,0.220,-0.165
20.780,0.219,-0.165
20.800,0.219,-0.165
20.820,0.219,-0.165
20.840,0.220,-0.165
20.860,0.220,-0.165
20.883,0.220,-0.165
20.900,0.220,-0.165
20.920,0.220,-0.165
20.940,0.220,-0.166
20.960,0.220,-0.165
20.980,0.219,-0.166
21.000,0.219,-0.165
21.020,0.219,-0.165
21.040,0.219,-0.166
21.060,0.220,-0.166
21.080,0.220,-0.166
21.100,0.220,-0.166
21.120,0.219,-0.166
21.140,0.219,-0.166
21.160,0.219,-0.166
21.180,0.219,-0.165
21.200,0.219,-0.166
21.220,0.219,-0.166
21.240,0.219,-0.166
21.260,0.219,-0.166
21.282,0.219,-0.166
21.301,0.219,-0.166
21.320,0.219,-0.166
21.341,0.219,-0.166
21.361,0.219,-0.166
21.380,0.219,-0.166
21.400,0.219,-0.166
21.420,0.219,-0.166
21.440,0.219,-0.166
21.460,0.219,-0.166
21.480,0.219,-0.166
21.500,0.219,-0.166
21.520,0.219,-0.166
21.540,0.219,-0.166
21.560,0.219,-0.166
21.580,0.219,-0.166
21.600,0.219,-0.166
21.620,0.219,-0.166
21.640,0.219,-0.166
21.660,0.219,-0.167
21.680,0.219,-0.167
21.700,0.219,-0.167
21.720,0.219,-0.167
21.740,0.219,-0.167
21.760,0.219,-0.167
21.780,0.219,-0.167
21.800,0.219,-0.167
21.820,0.219,-0.167
21.859,0.219,-0.167
21.860,0.219,-0.167
21.880,0.219,-0.167
21.900,0.219,-0.167
21.920,0.219,-0.167
21.945,0.219,-0.167
21.960,0.219,-0.167
21.997,0.219,-0.167
22.000,0.219,-0.167
22.024,0.219,-0.167
22.040,0.218,-0.167
22.060,0.218,-0.167
22.080,0.219,-0.167
22.100,0.218,-0.167
22.120,0.218,-0.167
22.140,0.218,-0.167
22.169,0.218,-0.167
22.180,0.218,-0.167
22.200,0.218,-0.167
22.220,0.218,-0.167
22.240,0.218,-0.167
22.260,0.218,-0.167
22.280,0.218,-0.167
22.300,0.218,-0.167
22.320,0.218,-0.167
22.340,0.218,-0.167
22.360,0.218,-0.167
22.380,0.218,-0.167
22.400,0.218,-0.167
22.420,0.218,-0.168
22.441,0.218,-0.168
22.460,0.218,-0.168
22.480,0.218,-0.168
22.500,0.218,-0.168
22.521,0.218,-0.168
22.541,0.218,-0.168
22.560,0.218,-0.168
22.581,0.218,-0.168
22.600,0.218,-0.168
22.620,0.218,-0.168
22.640,0.218,-0.168
22.660,0.219,-0.168
22.680,0.218,-0.168
22.700,0.218,-0.168
22.720,0.218,-0.168
22.740,0.219,-0.168
22.760,0.218,-0.168
22.780,0.218,-0.168
22.801,0.218,-0.168
22.820,0.218,-0.168
22.840,0.218,-0.168
22.860,0.218,-0.168
